,loan_amount,income,credit_score,interest_rate,employment_years,debt_to_income
count,5000.0,5000.0,5000.0,5000.0,5000.0,5000.0
mean,27330.371,60051.14345752153,699.0276783963205,4.996624843664812,14.6376,0.3455400382769384
std,12873.343443629652,14844.628726792283,50.35664986584367,1.434484459501152,8.58285496323129,0.14255164158014458
min,5009.0,20000.0,497.29749576198833,2.0,0.0,0.1000551159009112
25%,16128.0,50041.58731251683,664.2138417519578,3.98934827253849,7.0,0.22288464664297242
50%,27437.5,60069.09715537021,699.0158153242633,4.983250309013471,15.0,0.3440239906110964
75%,38345.25,70233.93405969611,733.3704601216295,5.958863325400671,22.0,0.46718853012388534
max,49976.0,114865.52705998613,850.0,9.976530580977483,29.0,0.5998660421478362
